<?xml version="1.0" encoding="UTF-8"?>
<project-private xmlns="http://www.netbeans.org/ns/project-private/1">
    <editor-bookmarks xmlns="http://www.netbeans.org/ns/editor-bookmarks/2" lastBookmarkId="0"/>
    <open-files xmlns="http://www.netbeans.org/ns/projectui-open-files/2">
        <group>
            <file>file:/D:/Users/Lazar/Documents/Paterni/Builder/src/concrete_builder/Venecija.java</file>
            <file>file:/D:/Users/Lazar/Documents/Paterni/Builder/src/forms/Form.java</file>
            <file>file:/D:/Users/Lazar/Documents/Paterni/Builder/src/client/Customer.java</file>
            <file>file:/D:/Users/Lazar/Documents/Paterni/Builder/src/concrete_builder/Frans.java</file>
            <file>file:/D:/Users/Lazar/Documents/Paterni/Builder/src/concrete_builder/Saran.java</file>
            <file>file:/D:/Users/Lazar/Documents/Paterni/Builder/src/product/Offer.java</file>
        </group>
    </open-files>
</project-private>
