<?xml version="1.0" encoding="UTF-8"?>
<project-private xmlns="http://www.netbeans.org/ns/project-private/1">
    <editor-bookmarks xmlns="http://www.netbeans.org/ns/editor-bookmarks/2" lastBookmarkId="0"/>
    <open-files xmlns="http://www.netbeans.org/ns/projectui-open-files/2">
        <group>
            <file>file:/D:/Users/Lazar/Documents/Paterni/Visitor/src/concrete_element/Fruit.java</file>
            <file>file:/D:/Users/Lazar/Documents/Paterni/Visitor/src/concrete_element/Book.java</file>
            <file>file:/D:/Users/Lazar/Documents/Paterni/Visitor/src/element/ItemElement.java</file>
            <file>file:/D:/Users/Lazar/Documents/Paterni/Visitor/src/forms/Form.java</file>
            <file>file:/D:/Users/Lazar/Documents/Paterni/Visitor/src/visitor/ShoppingCartVisitor.java</file>
            <file>file:/D:/Users/Lazar/Documents/Paterni/Visitor/src/client/Client.java</file>
            <file>file:/D:/Users/Lazar/Documents/Paterni/Visitor/src/concrete_visitor/ShoppingCartVisitorImpl.java</file>
        </group>
    </open-files>
</project-private>
