<?xml version="1.0" encoding="UTF-8"?>
<project-private xmlns="http://www.netbeans.org/ns/project-private/1">
    <editor-bookmarks xmlns="http://www.netbeans.org/ns/editor-bookmarks/2" lastBookmarkId="0"/>
    <open-files xmlns="http://www.netbeans.org/ns/projectui-open-files/2">
        <group>
            <file>file:/D:/Users/Lazar/Documents/Paterni/AbstractFactory/src/client/Customer.java</file>
            <file>file:/D:/Users/Lazar/Documents/Paterni/AbstractFactory/src/concrete_factory/Saran.java</file>
            <file>file:/D:/Users/Lazar/Documents/Paterni/AbstractFactory/src/abstract_product/Appetizer.java</file>
            <file>file:/D:/Users/Lazar/Documents/Paterni/AbstractFactory/src/concrete_factory/Venecija.java</file>
            <file>file:/D:/Users/Lazar/Documents/Paterni/AbstractFactory/src/forms/Form.java</file>
            <file>file:/D:/Users/Lazar/Documents/Paterni/AbstractFactory/src/concrete_factory/Frans.java</file>
            <file>file:/D:/Users/Lazar/Documents/Paterni/AbstractFactory/src/forms/Offer.java</file>
        </group>
    </open-files>
</project-private>
